title,index,name,description,typeName,inner_id
二进制变量,1,aa1,二进制变量,二进制变量,aa1_id
有符号8位整型,2,aa2,有符号8位整型,有符号8位整型,aa2_id
无符号8位整型,3,aa3,无符号8位整型,无符号8位整型,aa3_id
有符号16位整型,4,aa4,有符号16位整型,有符号16位整型,aa4_id
无符号16位整型,5,aa5,无符号16位整型,无符号16位整型,aa5_id
有符号32位整型,6,aa6,有符号32位整型,有符号32位整型,aa6_id
无符号32位整型,7,aa7,无符号32位整型,无符号32位整型,aa7_id
有符号64位整型,8,aa8,有符号64位整型,有符号64位整型,aa8_id
无符号64位整型,9,aa9,无符号64位整型,无符号64位整型,aa9_id
F32位浮点数IEEE754,10,aa10,F32位浮点数IEEE754,F32位浮点数IEEE754,aa10_id
F64位浮点数IEEE754,11,aa11,F64位浮点数IEEE754,F64位浮点数IEEE754,aa11_id
字符串,12,aa12,字符串,字符串,aa12_id
宽字符串-设定值为空,13,aa13,宽字符串,宽字符串,aa13_id
日期,14,aa14,日期,日期,aa14_id
时间,15,aa15,时间,时间,aa15_id
日期时间,16,aa16,日期时间,日期时间,aa16_id